<?xml version="1.0" encoding="UTF-8"?>
<project-private xmlns="http://www.netbeans.org/ns/project-private/1">
    <editor-bookmarks xmlns="http://www.netbeans.org/ns/editor-bookmarks/2" lastBookmarkId="0"/>
    <open-files xmlns="http://www.netbeans.org/ns/projectui-open-files/2">
        <group>
            <file>file:/C:/Users/malavpatel/Downloads/QuizArenaWeb%20(4)/QuizArenaWeb%20(1)/QuizArenaWeb-sample/src/java/main/StudentListServlet.java</file>
            <file>file:/C:/Users/malavpatel/Downloads/QuizArenaWeb%20(4)/QuizArenaWeb%20(1)/QuizArenaWeb-sample/web/script.js</file>
            <file>file:/C:/Users/malavpatel/Downloads/QuizArenaWeb%20(4)/QuizArenaWeb%20(1)/QuizArenaWeb-sample/src/java/com/quizarena/util/DatabaseConnection.java</file>
            <file>file:/C:/Users/malavpatel/Downloads/QuizArenaWeb%20(4)/QuizArenaWeb%20(1)/QuizArenaWeb-sample/web/processTeacherLogin.jsp</file>
            <file>file:/C:/Users/malavpatel/Downloads/QuizArenaWeb%20(4)/QuizArenaWeb%20(1)/QuizArenaWeb-sample/web/processStudentLogin.jsp</file>
            <file>file:/C:/Users/malavpatel/Downloads/QuizArenaWeb%20(4)/QuizArenaWeb%20(1)/QuizArenaWeb-sample/src/java/main/QuizResultServlet.java</file>
            <file>file:/C:/Users/malavpatel/Downloads/QuizArenaWeb%20(4)/QuizArenaWeb%20(1)/QuizArenaWeb-sample/web/MyScores.jsp</file>
            <file>file:/C:/Users/malavpatel/Downloads/QuizArenaWeb%20(4)/QuizArenaWeb%20(1)/QuizArenaWeb-sample/web/QuizDetails.jsp</file>
            <file>file:/C:/Users/malavpatel/Downloads/QuizArenaWeb%20(4)/QuizArenaWeb%20(1)/QuizArenaWeb-sample/web/QuizResult.jsp</file>
        </group>
    </open-files>
</project-private>
